ID,Content
0,期貨部分，外資今日重新加碼多單 6077 口，多單未平倉口數重回 49361 口，投信減碼 205 口空單，空單未平倉口數來到 19180 口，自營商減碼 18 口空單，合計空單未平倉口數 120 口。
1,期貨走勢三月份台指期週三上漲 102 點至 10247 點。價差方面，台指期為逆價差 - 25.46 點，電子期逆價差 - 0.39 點，金融期為逆價差 - 2.69 點。現貨部分，三大法人買超 115.27 億元；而在台指期淨部位方面，三大法人淨多單減少 1414 口至 34548 口，其中外資空單減碼超過多單減碼，淨多單增加 5526 口至 65347 口，創 2017 年 9 月 18 日以來新高；十大交易人中的特定法人全月份台指期淨多單增加 2498 口至 35343 口。選擇權分析二月份選擇權結算後，全月份未平倉量 put/call ratio 值仍維持 1.48 的高位，三月份選擇權未平倉量部分，OI 最大量支撐壓力區為 10000~10400 點。VIX 指數下降 0.88 至 13.96。而選擇權結算後，外資目前選擇權淨部位呈現買 Call 賣 Put，整體而言，選擇權籌碼面顯示中性偏多架構。   (永豐期貨研調)二月份選擇權結算後，全月份未平倉量 put/call ratio 值仍維持 1.48 的高位，三月份選擇權未平倉量部分，OI 最大量支撐壓力區為 10000~10400 點。VIX 指數下降 0.88 至 13.96。而選擇權結算後，外資目前選擇權淨部位呈現買 Call 賣 Put，整體而言，選擇權籌碼面顯示中性偏多架構。   (永豐期貨研調)本投資研究報告由永豐期貨股份有限公司版權所有，未經授權，禁止轉載節錄。本資料內容僅供參考，客戶應審慎考量本身之需求與投資風險，本公司恕不負任何法律責任，亦不作任何保證。
2,"◇期貨市場:台指期上漲 174 點或 1.68%，收在 10539 點。電子期上漲 10.45 點或 2.58%。金融期上漲 10.8 點或 0.83%。非金電期上漲 64 點或 0.50%。台指期未平倉餘額，自營商偏空調整 1,259 口，累計為淨空單 2,904 口；投信偏多調整 524 口，累計為淨空單 32,702 口；外資偏多調整 7,074 口，累計為淨多單 47,261 口。台指期逆價差 27.47 點，價差縮小；電子期逆價差 1.11 點，價差縮小；金融期逆價差 2.93 點，價差擴大；非金電期逆價差 54.82 點，價差擴大。週一台指期開高走高，終場則以當日相對高點作收。由Ｋ線觀察，台指期過去一周以來，指數在月線及半年線之間震盪，由於月線向下扣抵，己經與走平的短均線進行會合，並與年線呈現糾結，有利於短線打底，目前在國際股市強彈的帶動下，有利於指數逐底反彈的走勢。"
3,"台股昨 (27) 日在蘋概、5G 族群激勵下，收復 11600 點關卡，隨著美中貿易談判轉趨樂觀、美股持續走揚利多下與外資持續作多，今 (28) 日適逢摩台指結算日，法人可望順勢拉抬盤勢，指數有望突破前波新高點 11668 點。

美中貿易談判協議進入最後階段，加上美經濟數據穩健，振奮市場投資信心，包括道瓊工業、那斯達克、標普 500 等美股三大指數持續同步走揚。美股多頭氣勢擴散至台股，三大法人 27 日淨多單增加 2941 口至 28141 口，其中外資更是加碼多單、減碼空單，顯示對於台股仍持續作多。

產業動態部分，蘋果無線耳機因需求暢旺，加上適逢耶誕假期，市場盛傳蘋果打算提高 AirPods Pro 產量，法人點名看好 AirPods Pro 相關供應鏈包括景碩、宣德、新日興、康控 - KY 等可望受惠。

面板雙虎群創、友達在市場減產、價格止跌帶動下，三大法人聯手加碼下推升股價持續攻高，其中群創股價漲幅高達 7%、友達也有 4% 以上漲幅，法人分析，在資金持續尋找低基期個股布局、短多資金挹注的態勢下，面板雙虎股價短線可望有撐。

法人表示，隨著時序進入年底歐美耶誕假期到來，外資即將放假休市，在美中貿易談判協議進入最後階段、美經濟數據表現持穩加持下多方優勢尚未消退，但要注意的是，美國總統川普已正式簽署《香港人權與民主法案》，牽動中國敏感政治神經，是否為美中貿易談判投下變數，仍待觀察。
 "
4,從外資過去一周的布局來看，賣超金額多達 425.9 億元，創今年以來單周賣超最大，不過，周五外資台指期淨多單增加 8271 口，顯然對後市暫時不悲觀，就看台指期結算後，外資還能不能維持偏多態度。
5,"◇期貨市場:台指期上漲 17 點或 0.16%，收在 10545 點。電子期下跌 0.65 點或 0.16%。金融期上漲 6.8 點或 0.53%。非金電期上漲 73 點或 0.57%。今日外資現貨賣超 37.57 億元。在期貨方面，外資偏多調整 2,853 口，累計為淨多單 44,014 口。期貨約當台幣金額，買超 60.17 億元。台指期正價差 14.46 點，價差擴大；電子期正價差 1.05 點，價差擴大；金融期正價差 2.35 點，價差由負轉正；非金電期正價差 0.84 點，價差由負轉正。週一台指期開平走高，盤中低點來到 10460，一度逼近月線位置，但觸及日低後多方立刻展開反攻，拉出一波超過百點的漲幅，盤中高點來到 10565，終場小幅上漲 17 點。日 K 下影線長達 62 點，顯見多方力道強勁，短期下方月線有撐，建議投資人近期以震盪偏多看待盤勢。"
6,蘇鼎宇表示，觀察指標上，可留意三個訊號：一、外資連續大幅買超，卻無法推升加權指數持續走高；二、單日出現巨量長黑走勢，加權指數跌點逾 150 點、成交值逾 1500 億元；三、外資期貨淨多單部位減至 4 萬口以下，只要三種訊號出現，則意味著台股可能會出現反轉修正風險，投資人不妨以台股反向 ETF 避險，並且保護整體投資組合報酬。外資從 10/14 開始，連 22 日買超台股，創下史上第五長的買超紀錄，將台股從 11066 點，推升到 11/12 的 11520 點，漲約 500 點，11/13 終結連 22 買，但是隔一天又回頭買超，近日再連 5 買，加權指數維持在 11600 點之上震盪。但是，外資在台指期連續偏空操作，截至昨日，淨多單水位已降到 40968 口。
7,美股昨晚漲多震盪，台股今日周三逢台指期結算，在權值股護航下，加權指數創今年新高，台指期拉高結算，終場上漲 39 點，以 10551 作收，成交量 1189 億元，小幅增加。上周回測月線有撐後，上周二說大盤轉強，接著一路上漲創新高，昨日也說，一切攏是為了今日三月台指期結算，結果... 大盤再創新高 10556 點，收盤幾乎拉到最高結算，空方全軍覆沒被軋，多方大獲全勝。接下來... 觀察大盤短線指標已頂到天，出現嚴重超買過熱，是有拉回修正機會，不過時序進入 3 月下旬開始至 4 月下旬，是融券強迫回補高峰之時，對於台股有一定的支撐力道。
8,台指期淨部位方面，三大法人淨多單減少 1187 口至 13562 口，其中外資多單減碼且空單加碼，淨多單減少 1661 口至 51082 口，外資期現貨都持續偏空操作，短線仍不可大意。
9,"◇期貨市場:台指期上漲 40 點或 0.38%，收在 10456 點。電子期上漲 2.2 點或 0.54%。金融期上漲 3.2 點或 0.25%。非金電期上漲 42 點或 0.33%。台指期未平倉餘額，自營商偏多調整 286 口，累計為淨空單 2,837 口；投信偏空調整 1,871 口，累計為淨空單 32,053 口；外資偏空調整 61 口，累計為淨多單 41,759 口。台指期逆價差 5.62 點，價差縮小；電子期正價差 0.11 點，價差由負轉正；金融期正價差 2.97 點，價差由負轉正；非金電期逆價差 39.36 點，價差擴大。週三台指期開高走低，直到 5 日均線附近才止穩，終場則以當日相對低點作收。由Ｋ線觀察，台指期 6/5 開盤雖於月線之上，但隨即遇壓拉回，並收於月線之下，顯示月線反壓仍在，另外由於空方續掌盤勢主控權，故建議投資人保守看待行情。"
10,台股加權指數昨 (21) 日持續上演三軋行情，驚驚漲上 10300 點關卡，終場小漲 47.07 點，來到 10319.53 點，成交值則略縮至 1238 億元，今 (22) 日開盤前，觀察到美股漲多拉回，法人指出，台股面臨上方壓力區，但目前外資期貨淨多單口數已來到 6 萬餘口，作多態度積極，預料指數仍將回補逐步去年 10 月股災的空方缺口。在台指期淨部位方面，三大法人淨多單增加 1592 口至 36140 口，其中，外資淨多單增加 447 口至 65794 口，做多態度濃厚。
11,自營商買超 3.79 億元，投信賣超 3.92 億元，外資及陸資買超 99.39 億元。三大法人合計買超 99.26 億元。而在台指期淨部位方面，三大法人淨多單增加 5274 口至 31939 口，其中外資多單加碼且空單減碼，淨多單增加 6800 口至 63502 口。
12,台股加權指數昨 (14) 日大漲 176.99 點，站穩 11000 點關卡上，三大法人均同步站在買方，短線偏多格局明朗，今 (15) 日開盤前，由於美股投資人對於美中能否簽署階段性協議有疑慮，使美股再度陷入觀望，法人預料台股激情可能因此暫時緩和，尤其是在周三台指期結算和周四台積電法說前夕，可能先呈現觀望盤。三大法人昨日在集中市場合計買超近 200 億元，其中，外資買超近 152 億元，投信買超 5.83 億元，自營商也買超 40.9 億元；而外資期貨淨多單同步加碼 5406 口至 57981 口，籌碼面偏多，有利後市表現。整體而言，元大投顧指出，台指期拉高至 11000 點上方，收盤價改寫波段高點，美中貿易情勢趨緩，再加上美國聯準會宣布購買短債，均帶給大盤一定支撐，短線可留意後續美中正式文件、本周的台積電法說和歐盟峰會。
13,台股加權股價指數昨 (15) 日開低走高，終場上漲 97.82 點，收在 9806.04 點，成交值略放大至 978.25 億元，分析師指出，台股出量衝破季線反壓，顯示多方積極拉抬紅包行情，今 (16) 日逢台指期結算，隨著美股持續上揚，且目前外資期現貨偏多布局，期指拉高結算可期，惟早盤日股走跌超過 0.5%、韓股平盤上下震盪，須留意整體亞股的連動。而在台指期淨部位方面，三大法人淨多單增加 7282 口至 28267 口，其中，外資多單加碼超過空單加碼，淨多單增加 8817 口至 52955 口；十大交易人中的特定法人全月份台指期淨多單增加 10063 口至 27454 口。
14,期貨走勢台指期週二上漲 5 點至 10143 點。價差方面，台指期逆價差擴至 - 9.26 點，電子期轉為逆價差 - 0.52 點，金融期轉為正價差 0.13 點。現貨部分，三大法人買超 37.91 億元；而在台指期淨部位方面，三大法人淨多單增加 1763 口至 35962 口，其中外資多單加碼超過空單加碼，淨多單增加 1033 口至 59821 口；十大交易人中的特定法人全月份台指期淨多單增加 1551 口至 32845 口。選擇權分析選擇權未平倉量部分，OI 最大量支撐壓力區由 10000~10200 點縮至 10100~10200 點，下檔支撐連兩日上移。全月份未平倉量 put/call ratio 值由 1.45 升至 1.48，連三日提升。整體選擇權部位顯示市場為中性偏多架構。   (永豐期貨研調)選擇權未平倉量部分，OI 最大量支撐壓力區由 10000~10200 點縮至 10100~10200 點，下檔支撐連兩日上移。全月份未平倉量 put/call ratio 值由 1.45 升至 1.48，連三日提升。整體選擇權部位顯示市場為中性偏多架構。   (永豐期貨研調)本投資研究報告由永豐期貨股份有限公司版權所有，未經授權，禁止轉載節錄。本資料內容僅供參考，客戶應審慎考量本身之需求與投資風險，本公司恕不負任何法律責任，亦不作任何保證。
15,"◇期貨市場:台指期上漲 2 點或 0.02%，收在 10592 點。電子期上漲 2.25 點或 0.54%。金融期下跌 19.8 點或 1.52%。非金電期下跌 19 點或 0.15%。台指期未平倉餘額，自營商偏空調整 281 口，累計為淨空單 2,205 口；投信偏多調整 1,277 口，累計為淨空單 29,853 口；外資偏多調整 563 口，累計為淨多單 47,698 口。台指期逆價差 23.66 點，價差擴大；電子期逆價差 0.80 點，價差擴大；金融期逆價差 3.73 點，價差由正轉負；非金電期逆價差 23.59 點，價差擴大。週三台指期平盤震盪，當日高低點相差僅 23 點，終場上漲 2 點作收。由Ｋ線觀察，台指期目前收盤位於多條短期均線之上，然而上檔季線施壓，形成一個上壓下撐狀態，觀察成交量與價位呈現價量背離，顯見多方撐盤力道不強，故建議投資人先以區間震盪來看待行情。"
16,在台指期淨部位方面，三大法人淨多單減少 1847 口至 30401 口，其中，外資空單加碼超過多單加碼，淨多單減少 423 口至 59961 口，些微跌破 6 萬口，不過仍在相對高水位。
17,台股昨日最後一盤，多方輕鬆以臨門一腳，闖過 11270 點，讓加權指數以 11271.25 點作收，成交值 1226 億元，僅溫和放大。11270 點穩不穩? 台股還有續航力道? 今天除了股市之外，新台幣匯率的表現將是關鍵。如台幣續升，熱錢派對人氣不散，續航力道無虞，指標股仍是台積電、鴻海與大立光 3 檔帶頭大哥。不過今日有周選擇權結算，仍需提防莊家上沖下洗。關鍵點位為 11212、11246、11270 點。
18,"◇期貨市場:台指期上漲 8 點或 0.08%，收在 10553 點。電子期上漲 0.5 點或 0.12%。金融期上漲 4.4 點或 0.34%。非金電期下跌 6 點或 0.05%。今日外資現貨買超 15.39 億元。在期貨方面，外資偏空調整 1,391 口，累計為淨多單 42,623 口。期貨約當台幣金額，賣超 29.36 億元。台指期逆價差 13.74 點，價差由正轉負；電子期正價差 0.21 點，價差縮小；金融期逆價差 1.06 點，價差由正轉負；非金電期逆價差 38.09 點，價差由正轉負。週二台指期開平走平，盤中些微震盪，終場僅上漲 8 點，仍然走不出盤整態勢，目前價位來到五日線上緣位置，並未做出任何方向性的突破，均線糾結於近期價位，顯然市場多空尚無定論，因此建議投資人近期仍以盤整觀之，待價位有所突破後再順勢操作。"
19,上週五曾分析「大盤下週將有機會攻克年線，週三台指期會在 3 月合約的高檔區結算」。今日台指期結算，大盤在美股開高走低小漲小跌、亞股普遍回檔背景下，依然逆著國際盤如期拉高結算，+39 點續創今年收盤新高 10551，OTC 指數 + 0.27% 站上年線。由於今日次月期貨走法相對現貨疲軟，逆價差出現擴大情形，此外大盤委賣張數偏高且 OTC 指數連續第八天留上影線，盤面多個跡象皆顯示短線空方力道相應增強，因此，結算之後大盤停下腳步休息是正常現象，以上週五低點 10370 作為短線強弱分界點。如果在短線數據開始不利多方的狀況下還可以持續墊高，就表示多頭企圖心頗強，就別擅自預設高點。
20,"◇期貨市場:台指期上漲 86 點或 0.86%，收在 10084 點。電子期上漲 4 點或 1.00%。金融期上漲 7.2 點或 0.60%。非金電期上漲 81 點或 0.67%。台指期未平倉餘額，自營商偏多調整 1,099 口，累計為淨多單 458 口；投信偏多調整 248 口，累計為淨空單 25,901 口；外資偏多調整 5,086 口，累計為淨多單 57,992 口。台指期逆價差 13.74 點，價差擴大；電子期逆價差 0.08 點，價差由正轉負；金融期逆價差 0.57 點，價差縮小；非金電期逆價差 41.25 點，價差擴大。週二台指期早盤跳空開高，指數盤中呈盤堅之姿震盪向上，終場收在今日相對高點。由Ｋ線觀察，目前指數盤面呈現「低點不破前低、高點續過前高」的多頭慣性格局，在盤面短中期均線呈多頭排列與多頭慣性力道的影響下，短線上盤勢將較有利多方發展，故操作上宜以樂觀的態度看待指數後市表現。"
21,外資今日買超 13.4 億元，投信買超 0.5 億元，自營買超 6.4 億元。明日，台指期與選擇權將要結算，多空激戰，震盪難免，目前累積最大未平量在 10400 點與 10500 點，外資期貨今增 1309 口多單，仍有 57383 口淨多單，關建在結算後外資布局態度如何!外資今日買超 13.4 億元，投信買超 0.5 億元，自營買超 6.4 億元。明日，台指期與選擇權將要結算，多空激戰，震盪難免，目前累積最大未平量在 10400 點與 10500 點，外資期貨今增 1309 口多單，仍有 57383 口淨多單，關建在結算後外資布局態度如何!外資今日買超 13.4 億元，投信買超 0.5 億元，自營買超 6.4 億元。明日，台指期與選擇權將要結算，多空激戰，震盪難免，目前累積最大未平量在 10400 點與 10500 點，外資期貨今增 1309 口多單，仍有 57383 口淨多單，關建在結算後外資布局態度如何!
22,台指期今 (20) 日拉高結算，尾盤台積電、鴻海最後一盤拉抬翻紅帶動，台股加權指數終場上漲 39.24 點或 0.37%，收在 10551.56 點，成交金額 1186.67 億元，日 K 線蓮 4 紅。
23,"期貨市場:台指期下跌 6 點或 0.06%，收在 10782 點。電子期下跌 0.85 點或 0.19%。金融期下跌 1.4 點或 0.11%。非金電期上漲 12 點或 0.10%。台指期未平倉餘額，自營商偏空調整 57 口，累計為淨空單 3,131 口；投信偏空調整 9 口，累計為淨空單 23,717 口；外資偏空調整 41 口，累計為淨多單 40,511 口。台指期逆價差 103.73 點，價差縮小；電子期逆價差 3.35 點，價差擴大；金融期逆價差 20.83 點，價差擴大；非金電期逆價差 137.44 點，價差縮小。在本週關鍵的聯準會利率決議及中美第 12 輪貿易談判之前，台股市場觀望氣氛濃厚。週一台股在蘋概股走弱之下，再度陷入狹幅整理，終場小跌作收；期貨方面同樣是震盪整理，終場收十字星線。以日 K 來觀察，週一台指期早盤跌破 10 日均線，但多方隨即拉回，顯示下方十日均線有撐，然而 Vix 指標波動向上，故建議投資人以高檔震盪來看待行情。在本週關鍵的聯準會利率決議及中美第 12 輪貿易談判之前，台股市場觀望氣氛濃厚。週一台股在蘋概股走弱之下，再度陷入狹幅整理，終場小跌作收；期貨方面同樣是震盪整理，終場收十字星線。以日 K 來觀察，週一台指期早盤跌破 10 日均線，但多方隨即拉回，顯示下方十日均線有撐，然而 Vix 指標波動向上，故建議投資人以高檔震盪來看待行情。◆期貨日線◆本報告純屬研究性質，僅供國票金控集團內部同仁及特定客戶參考，不保證其完整性及精確性，且不提供或嘗試遊說客戶作為期貨與選擇權買賣之投資依據，報告中所有的意見與預估，係取自本公司相信為可靠之資料來源，且為特定日期所為之判斷，有其時效性，爾後若有變更，本公司將不做預告或主動更新，投資人於決策時應審慎衡量本身風險，並就投資結果自行負責。以上報告內容之著作權屬國票期貨所有，非經本公司同意，禁止任何形式之抄襲、引用或轉載。◆本報告純屬研究性質，僅供國票金控集團內部同仁及特定客戶參考，不保證其完整性及精確性，且不提供或嘗試遊說客戶作為期貨與選擇權買賣之投資依據，報告中所有的意見與預估，係取自本公司相信為可靠之資料來源，且為特定日期所為之判斷，有其時效性，爾後若有變更，本公司將不做預告或主動更新，投資人於決策時應審慎衡量本身風險，並就投資結果自行負責。以上報告內容之著作權屬國票期貨所有，非經本公司同意，禁止任何形式之抄襲、引用或轉載。"
24,台指期今 (18) 日多頭拉高結算，在權王台積電挑戰歷史新高、股王大立光拉出半根漲停帶動下，挑戰前波高點，不過，今日估計量僅約 1200 億元，依舊未明顯放大。
25,台指期 7 月 3 日開盤閃崩 500 點，當時低見 10202 點，由於期交所否認「胖手指」芭樂單，指出每筆單都是有效成交價，因此市場傳出「仙人指路」之說；事隔 24 個交易日後，台指期今 (6) 日隨著貿易戰惡化，跳空重挫 280 點開出，緊接著吸引低接買盤介入，跌勢收斂回到閃崩時的 10202 點附近盤整。美中貿易戰火升級至匯率戰，美股四大指數全面重挫，盤後美股電子盤也一路下滑，台指期今天大跳水，以 10096 點開盤，重挫 280 點、跌幅逾 2% 開出，一口氣跌破 10300、10200、10100 點，台指期在均線及 KD 指標同步出現死亡交叉後，今天跳空大跌，技術指標偏空。金融期及電子期也聯袂走跌。外資淨多單昨天僅小減 25 口，目前外資淨多單仍高達 29154 口，短線殺多氣燄大增，台指期的走空，讓上方套牢的多單無法解套，預期至 8 月台指期結算之前，台指期難有表現，就算反彈，也只能以跌深反彈視之，操作上應保守因應。
26,整體來說，中美貿易戰持續進行中，市場觀望氣氛濃厚，不過，以籌碼面來看還是偏多，明日適逢台指期結算，預期可望拉高結算。
27,台股今日大漲 108.31 點或 1.04%，收 10494.49 點，成交量 1230.55 億元，三大法人同步由賣轉買，買超 32.09 億元，其中外資終止連 6 賣，期貨也同步做多，不過鴻海仍被外資持續提款，8 月以來天天賣超，金融族群也持續遭到外資調節。台指期淨多單方面，三大法人同步增持多單，其中外資淨多單增加 1308 口，未平倉口數來到 3.43 萬口，合計三大法人今日多單增加 1860 口，淨多單口數來到 1.16 萬口。
28,美股下跌拖累亞洲股市今 (10) 日普遍表現不佳，不過，台股相對有撐，今天盤面焦點落在被動元件、生技、3 月營收成長股，尾盤更在台指期拉抬之下，加權指數翻紅續創半年新高，最高達到 10875.65 點，終場上漲 16.54 點，收在 10868.14 點，成交量為 1284.65 億元。整體來說，外資目前對台股態度仍是中性偏多，在台指期、台指選擇權持有多倉部位較高，顯示對台股後市仍有信心，尾盤在台指期拉抬之下，台股續創半年新高，且亞股今天受國際盤影響程度相對小，在國際股市干擾的陰霾消除之後，後續可望還有挑戰新高契機。整體來說，外資目前對台股態度仍是中性偏多，在台指期、台指選擇權持有多倉部位較高，顯示對台股後市仍有信心，尾盤在台指期拉抬之下，台股續創半年新高，且亞股今天受國際盤影響程度相對小，在國際股市干擾的陰霾消除之後，後續可望還有挑戰新高契機。
29,在台指期淨部位方面，三大法人淨多單增加 2753 口至 13972 口，其中，外資多單減碼超過空單減碼，淨多單減少 178 口至 44170 口。
30,台指期淨部位方面，三大法人淨多單增加 2220 口至 15420 口，其中，外資空單減碼超過多單減碼，淨多單增加 405 口至 42847 口。整體來說，雖然三大法人持續賣超台股，但外資減碼力道緩解許多，且在台指期翻多，搭配技術面，站穩季線，今天又收復 10 日線，短線格局有利多頭，不過，由於成交量萎縮，顯示現階段仍處於修正格局，量縮還是以防守為主。
31,"◇期貨市場:台指期上漲 117 點或 1.11%，收在 10622 點。電子期上漲 6.95 點或 1.67%。金融期上漲 7 點或 0.55%。非金電期上漲 35 點或 0.27%。今日外資現貨買超 143.96 億元。在期貨方面，外資偏多調整 1,329 口，累計為淨多單 45,612 口。期貨約當台幣金額，買超 28.23 億元。台指期逆價差 151.90 點，價差擴大；電子期逆價差 5.93 點，價差擴大；金融期逆價差 26.40 點，價差擴大；非金電期逆價差 174.56 點，價差擴大。週四台指期早盤開平走高，午盤過後多頭再次攻擊至當日高點 10642 後盤勢稍有拉回，終場收長紅 K 棒。以日 K 線來觀察，週四台指期多頭強力反攻，收復前兩日下跌失地，價位突破 5 日均線，下方整數關卡有強烈支撐，故建議投資人以震盪偏多看待盤勢。"
32,期貨部分，外資減碼多單 1168 口，多單未平倉口數 4.44 萬口；投信減碼空單 341 口，空單未平倉口數近 2 萬口，自營商加碼多單 745 口，多單未平倉口數 1378 口。
33,台股連 2 日演出拉尾秀，在 11 月台指期結算前夕，加權指數衝上 11656 點，距離今年高點 11668 點僅有一步之遙，不過美股道瓊指數在創歷史新高後，川普又變臉，讓今日的台指期結算，略添小小變數。只要多方控盤趨勢不變，11 月台指期多方仍穩操勝券，差異只是在結算位置。關鍵密碼為 11606、11637 與 11661 點。台指期結算，多空攻防的目標在指數，因此大型權值股與新台幣匯率的走勢，仍是盤中觀察指數是否還有衝高動能的指標。電子三王中，台積電已經率先登高，鴻海也獲得外資連 27 買的青睞，都不宜在指數挑戰新高之際關前換將。不過如出現創高之後調節賣壓，大立光與聯發科等其他權值股，則有必要扮演伏兵的腳色。或轉由金融、具資產股題材的傳產龍頭穩盤。中小型股部分，昨日在指數攻高過程中，櫃買中小型股反而出現大咖獲利下車，今日同樣需提防重演拉指數，但中小型股遭到大咖調節、換股。總之，今日在 11 月台指期結算日，需提防震盪，多空雙方都應提高警覺，綁好安全帶。(訊息僅供參考，請勿作為買賣股票之依據)
34,在台指期淨部位方面，三大法人淨多單增加 2896 口至 16282 口，其中外資多單減碼超過空單減碼，淨多單減少 3820 口至 47150 口，外資在期現貨都偏空操作，在台指期結算這天，落袋走人。整體來說，台股日 K 留上影線，也暗示要挑戰季線反壓的信心仍稍嫌不足，加上國際股市仍持續在走中美貿易的消息面，外資就趁台指期結算，獲利了結一波，短線仍是建議等待國際情勢較為明朗再行進場。
35,"◇期貨市場:台指期上漲 1 點或 0.01%，收在 10529 點。電子期下跌 2 點或 0.48%。金融期上漲 6 點或 0.47%。非金電期上漲 77 點或 0.60%。今日外資現貨賣超 31.79 億元。在期貨方面，外資偏空調整 298 口，累計為淨多單 41,161 口。期貨約當台幣金額，賣超 6.28 億元。台指期正價差 4.33 點，價差由負轉正；電子期正價差 0.62 點，價差由負轉正；金融期逆價差 0.27 點，價差縮小；非金電期逆價差 8.61 點，價差縮小。週五台指期平盤狹幅震盪，當日振幅僅 0.4%，盤中多方一度向上突破，然欲振乏力，立刻遭空方打壓回到平盤位置。終場收一星線。觀察日Ｋ，價位跌破 5 日均線，下方有 10 日及月均線支撐，但因價位依舊在季線之下，故建議投資人仍以區間震盪來看待近期行情。"
36,今日台股呈現量價齊揚格局，指數續漲創高，三大法人: 外資買超 56.1 億元，投信賣超 2.2 億元，自營商買超 21.6 億元，指數部分繼續軋空單.... 而一切攏是為了明日台指期與選擇權 4 月份將要結算，目前外資擁 60562 口淨多單，因此... 有利於明日高檔結算，但請投資朋友.. 重點要放在軋完空單... 結算後的趨勢，那才是新方向! 今日強勢股方面: 因鴻海 (2317) 股價強勢創高，也帶動集團概念股股價衝鋒，包括建漢 (3062)、台揚(2314)、正達(3149)、亞太電(3682) 等股票，全數同步漲停。其它包括普誠 (6129)，晶電(2448)，兆赫(2485)，光鋐(4956) 以及大宇資 (6111) 等股價攻漲停作收。今日台股呈現量價齊揚格局，指數續漲創高，三大法人: 外資買超 56.1 億元，投信賣超 2.2 億元，自營商買超 21.6 億元，指數部分繼續軋空單.... 而一切攏是為了明日台指期與選擇權 4 月份將要結算，目前外資擁 60562 口淨多單，因此... 有利於明日高檔結算，但請投資朋友.. 重點要放在軋完空單... 結算後的趨勢，那才是新方向! 今日強勢股方面: 因鴻海 (2317) 股價強勢創高，也帶動集團概念股股價衝鋒，包括建漢 (3062)、台揚(2314)、正達(3149)、亞太電(3682) 等股票，全數同步漲停。其它包括普誠 (6129)，晶電(2448)，兆赫(2485)，光鋐(4956) 以及大宇資 (6111) 等股價攻漲停作收。
37,"◇期貨市場:台指期上漲 216 點或 2.05%，收在 10770 點。電子期上漲 11.2 點或 2.69%。金融期上漲 18 點或 1.39%。非金電期上漲 177 點或 1.37%。今日外資現貨買超 179.55 億元。在期貨方面，外資偏多調整 8,492 口，累計為淨多單 51,115 口。期貨約當台幣金額，買超 182.92 億元。台指期逆價差 5.34 點，價差縮小；電子期逆價差 0.26 點，價差由正轉負；金融期逆價差 0.31 點，價差縮小；非金電期逆價差 2.20 點，價差縮小。週三台指期受美股強彈影響開高走高，盤中最高來到 10800，然空方於整數點位頑強抵抗，終場台指大漲 216 點。目前價位突破所有短期均線並收在季線之上，短線技術面觀察偏多，但因今日收紅主因為川普多頭喊話，因此建議投資人近期以震盪偏多觀之。"
38,指數商品再添生力軍，台灣指數公司今 (16) 日發布三檔即時指數，包含「台股期貨指數」、「發行量加權股價指數掩護性台指買權價外 5% 報酬指數」與「智慧投資多因子 30 市場中立指數」等。台指公司表示，股市期權策略系列指數經電腦計算，系統可有三種類型的指數，包括: 運用個別期貨、選擇權契約單獨或相互組合編製的期權型指數，例如「台股期貨指數」，及結合股價指數或類型的指數與期貨、選擇權契約組合做為指數成分編製的策略型指數，例如「加權指數掩護性台指買權價外 5% 報酬指數」，另外，結合股價指數與期權指數的組合型指數，例如「智慧中立指數」。台指公司表示，股市期權策略系列指數經電腦計算，系統可有三種類型的指數，包括: 運用個別期貨、選擇權契約單獨或相互組合編製的期權型指數，例如「台股期貨指數」，及結合股價指數或類型的指數與期貨、選擇權契約組合做為指數成分編製的策略型指數，例如「加權指數掩護性台指買權價外 5% 報酬指數」，另外，結合股價指數與期權指數的組合型指數，例如「智慧中立指數」。
39,台指期明 (20) 日將結算，外資重點為台股指數，而台積電持續扮演撐盤要角，今 (19) 日表現強勁，尾盤更創下新天價 315 元，帶動台股走勢，指數終場收 11656.4 點，上漲 56.62 點或 0.49%，成交量較昨日略增至 1211.96 億元。整體而言，台指期明日將結算，外資昨日加碼多單 470 餘口，目前多單共 45798 口，雖美中貿易戰協議未明，但國際貨幣寬鬆政策延續，加上選舉行情，明日仍有機會拉高結算，台股可望挑戰前波高點 11668 點。
40,台指期今 (3) 日開盤 1 分鐘閃崩逾 500 點，期交所否認為「胖手指」的芭樂單，每筆單都是有效成交價，主要是開盤後成交價及委託價持續下跌，致台股期貨動態價格機制的基準價隨之下移；因為瞬間下跌，動態價格穩定措施也發揮作用，共產生超過 8 萬筆委託退單。台指期今 (3) 日開盤 1 分鐘閃崩逾 500 點，期交所否認為「胖手指」的芭樂單，每筆單都是有效成交價，主要是開盤後成交價及委託價持續下跌，致台股期貨動態價格機制的基準價隨之下移；因為瞬間下跌，動態價格穩定措施也發揮作用，共產生超過 8 萬筆委託退單。台指期今天 8 點 45 分開盤以 10735 點開出，但 8 點 46 分瞬間暴跌超過 500 點，最低跌到 10202 點，市場上程式單失誤遭獵殺、「胖手指」芭樂單的消息四竄，但是期交所了解後，重申非「胖手指」的芭樂單。期交所表示，今天交易系統運作一切正常，經查 8 時 46 分出現 500 餘點跌幅，是因今日開盤後成交價及委託價持續下跌，致台股期貨動態價格機制的基準價隨之下移。期交所進一步分析，台股期貨動態價格基準價於 8 時 46 分 01 秒自 10700 餘點持續下跌，8 時 46 分 07 秒跌至 10500 餘點，並持續至 8 時 46 分 09 秒；8 時 46 分 09 秒時，較大買賣委託進入，成交價及委託價下移至 10300 點上下，台股期貨動態價格機制的基準價因而下移至約 10300 點，該時點的買賣成交價落於此價位附近，故形成較大跌點。自 8 時 46 分 15 秒成交價及委託價逐步上升，約 8 時 46 分 19 秒，成交價及委託價回升 10670 點附近。期交所強調，因為瞬間下跌，動態價格穩定措施依正常機制運作也發揮了效用，台股期貨、小型台指期貨及台指選擇權等，共 8 萬餘筆委託退單。因台股期貨基準價變動，台指選擇權基準價的理論模型參數參採台股期貨基準價，故台指選擇權基準價同步變動。期交所強調，因為瞬間下跌，動態價格穩定措施依正常機制運作也發揮了效用，台股期貨、小型台指期貨及台指選擇權等，共 8 萬餘筆委託退單。因台股期貨基準價變動，台指選擇權基準價的理論模型參數參採台股期貨基準價，故台指選擇權基準價同步變動。期交所強調，因為瞬間下跌，動態價格穩定措施依正常機制運作也發揮了效用，台股期貨、小型台指期貨及台指選擇權等，共 8 萬餘筆委託退單。因台股期貨基準價變動，台指選擇權基準價的理論模型參數參採台股期貨基準價，故台指選擇權基準價同步變動。
41,亞股昨日無畏美股下跌上演反彈走勢，韓股開高走高、日股由黑翻紅、陸股也一路上揚，激勵台股開低後震盪走高，再度站回季線之上，盤中漲幅雖曾收斂，但終場仍以最高點 9806 點作收，上漲 97 點，台指期結算前拉高意圖相當明顯，終場成交量回升至 1005 億元，重返千億元水準。從技術、籌碼面觀察，日、周 KD 指標持續交叉向上，且周 MACD 柱狀體可望由黑翻紅，加上外資現貨同步買超 91 億元、期貨多單同步大幅加碼 8029 口，整體部位相對偏多，有利指數短線延續波段行情，挑戰前高 9871 點，持續關注國際情勢變化與今日台指期結算、周四台積電法說的結果。亞股昨日無畏美股下跌上演反彈走勢，韓股開高走高、日股由黑翻紅、陸股也一路上揚，激勵台股開低後震盪走高，再度站回季線之上，盤中漲幅雖曾收斂，但終場仍以最高點 9806 點作收，上漲 97 點，台指期結算前拉高意圖相當明顯，終場成交量回升至 1005 億元，重返千億元水準。從技術、籌碼面觀察，日、周 KD 指標持續交叉向上，且周 MACD 柱狀體可望由黑翻紅，加上外資現貨同步買超 91 億元、期貨多單同步大幅加碼 8029 口，整體部位相對偏多，有利指數短線延續波段行情，挑戰前高 9871 點，持續關注國際情勢變化與今日台指期結算、周四台積電法說的結果。
42,三大法人今 (8) 日合計買超 25 億元，其中，外資續買台股 15 億元，為連 20 日買超，合計買超金額達 1625.41 億元，值得留意的是，外資買超現貨金額愈來愈縮手，且已連續 2 天賣超台積電，同時，連續 4 天減碼台指期淨多單，須慎防外資逐步大玩兩手策略的避險動作。雖然外資近期連買，但卻已悄悄開始在台指期避險，今天外資淨多單續減 1121 口至 52106 口，為連續第 4 天減碼，4 天下來累計減碼近萬口、達 9810 口。由於台股漲多，已逐步見到外資的避險動作，分析師提醒，外資在台指期淨多單水位若跌破 5 萬口，恐怕將是翻轉訊號。
43,台股國家隊與外資的 PK 大戰，國家隊似乎遇強則強，愈弱則弱，外資賣超愈多，當日指數也漲愈多! 昨日外資賣超縮小至 33 億元，大盤昨日湊巧也上漲 33 點! 不過重點在於，大盤成功收上 10520 點，以 10522 點作收。今日的台指期結算，仍然是內外資 PK 的局面，但在指數震盪幅度壓縮後，需提防有怪手! 關鍵點位仍為 10488、10520 與 10555 點。今日台指期結算，仍然是以 10500 點為強弱分界，而 10500 點的關卡二端多空橋頭堡，就是 10520 點與 10488 點，多方如要維持強勢，需站穩 10520 點，並續往 10555 點、10588 點挑戰，才有機會衝關 10600 點以及月線。但如出現怪手，未能撐住 10488 點，則需提防回測 10444、10410 點，如收破 10410 點，則這波反彈行情又告一段落。    台股與其他各國股市最大差異，在於每月有 2 次指數結算的干擾，分別是台指期結算與摩台指結算，而台股又屬於淺碟市場，外資動態對台股走勢影響極大。通常外資都能主導台股的漲跌，少數的例外狀況，就是國家隊出手，目前正是這種少數的例外狀況，除了今天的台指期結算，台指期結算後的方向，才是台股下一波走勢的關鍵。
44,在台指期淨部位方面，三大法人淨多單增加 163 口至 25148 口，其中，外資空單減碼超過多單減碼，淨多單增加 1625 口至 53212 口。整體來說，外資連續 2 天賣超，且今天擴大賣超，不過在期貨翻多增加淨多單，籌碼面還不至於全面偏空，可觀察是否是外資換手操作，而從技術面來看，今天 10 日線有守，但日 KD 指標正式死亡交叉向下，MACD 指標也有死亡交叉疑慮，所幸指數低檔支撐持續上移且下跌量縮，短線漲多面臨技術面修正賣壓，技術面轉為區間震盪格局。
45,"期貨市場:台指期下跌 175 點或 1.64%，收在 10469 點。電子期下跌 9.45 點或 2.15%。金融期下跌 14.2 點或 1.12%。非金電期下跌 153 點或 1.24%。台指期未平倉餘額，自營商偏多調整 789 口，累計為淨空單 2,046 口；投信偏空調整 469 口，累計為淨空單 23,941 口；外資偏空調整 3,384 口，累計為淨多單 29,179 口。台指期逆價差 80.04 點，價差縮小；電子期逆價差 2.80 點，價差擴大；金融期逆價差 18.55 點，價差縮小；非金電期逆價差 85.51 點，價差縮小。週五台指期開低走底，盤中跌點一度擴大至 203 點，終場則以下跌 175 點作收。由日Ｋ線觀察，週五台指期直接向下跳空，形成空方缺口，在缺口未回補之前，盤勢將有利空方，在加上近期盤面維持高點不過前高的空方慣性格局之下，建議投資人保守看待行情。◆期貨日線◆本報告純屬研究性質，僅供國票金控集團內部同仁及特定客戶參考，不保證其完整性及精確性，且不提供或嘗試遊說客戶作為期貨與選擇權買賣之投資依據，報告中所有的意見與預估，係取自本公司相信為可靠之資料來源，且為特定日期所為之判斷，有其時效性，爾後若有變更，本公司將不做預告或主動更新，投資人於決策時應審慎衡量本身風險，並就投資結果自行負責。以上報告內容之著作權屬國票期貨所有，非經本公司同意，禁止任何形式之抄襲、引用或轉載。◆本報告純屬研究性質，僅供國票金控集團內部同仁及特定客戶參考，不保證其完整性及精確性，且不提供或嘗試遊說客戶作為期貨與選擇權買賣之投資依據，報告中所有的意見與預估，係取自本公司相信為可靠之資料來源，且為特定日期所為之判斷，有其時效性，爾後若有變更，本公司將不做預告或主動更新，投資人於決策時應審慎衡量本身風險，並就投資結果自行負責。以上報告內容之著作權屬國票期貨所有，非經本公司同意，禁止任何形式之抄襲、引用或轉載。"
46,"期貨市場:台指期上漲 114 點或 1.11%，收在 10414 點。電子期上漲 5.4 點或 1.27%。金融期上漲 16.2 點或 1.32%。非金電期上漲 89 點或 0.75%。台指期未平倉餘額，自營商偏多調整 770 口，累計為淨空單 5,721 口；投信偏多調整 794 口，累計為淨空單 22,758 口；外資偏空調整 650 口，累計為淨多單 38,642 口。台指期逆價差 6.89 點，價差縮小；電子期逆價差 0.66 點，價差縮小；金融期逆價差 0.72 點，價差縮小；非金電期正價差 9.15 點，價差縮小。美股優於預期的零售銷售數據及零售大王沃爾瑪優異的財報刺激昨夜美股上揚，台股週五受此激勵亦小幅開高，盤中則在台幣走穩及權值股領軍之下，終場上漲 93.76 點；以日 K 觀察，台指期今日全場在多方掌控盤勢之下，重新站回年線並突破 5 日及 10 日均線，而且幾乎回補週四的跳空缺口，但在上方仍有季線反壓的狀況下，建議投資人以區間震盪來看待行情。◆期貨日線◆本報告純屬研究性質，僅供國票金控集團內部同仁及特定客戶參考，不保證其完整性及精確性，且不提供或嘗試遊說客戶作為期貨與選擇權買賣之投資依據，報告中所有的意見與預估，係取自本公司相信為可靠之資料來源，且為特定日期所為之判斷，有其時效性，爾後若有變更，本公司將不做預告或主動更新，投資人於決策時應審慎衡量本身風險，並就投資結果自行負責。以上報告內容之著作權屬國票期貨所有，非經本公司同意，禁止任何形式之抄襲、引用或轉載。◆本報告純屬研究性質，僅供國票金控集團內部同仁及特定客戶參考，不保證其完整性及精確性，且不提供或嘗試遊說客戶作為期貨與選擇權買賣之投資依據，報告中所有的意見與預估，係取自本公司相信為可靠之資料來源，且為特定日期所為之判斷，有其時效性，爾後若有變更，本公司將不做預告或主動更新，投資人於決策時應審慎衡量本身風險，並就投資結果自行負責。以上報告內容之著作權屬國票期貨所有，非經本公司同意，禁止任何形式之抄襲、引用或轉載。"
47,受到華為禁令再寬限 90 天，台股昨 (19) 日拉尾盤，指數終場上漲 56.62 點，收在 11656.4 點，日 K 寫下連 3 紅，距離前波高僅差 11.8 點，今天台指期結算日，將再戰前高。外資昨買超台股 110.17 億元，今年以來外資累計買超達 2065 億元，不但突破 2000 億元大關，也創 3 年來最高紀錄；在台指期部分，外資持續減期貨多單 1168 口，台指期淨多單剩下 4.4 萬口，今天為台指期結算、選擇權月結算，目前多方仍略勝一籌。外資昨買超台股 110.17 億元，今年以來外資累計買超達 2065 億元，不但突破 2000 億元大關，也創 3 年來最高紀錄；在台指期部分，外資持續減期貨多單 1168 口，台指期淨多單剩下 4.4 萬口，今天為台指期結算、選擇權月結算，目前多方仍略勝一籌。外資昨買超台股 110.17 億元，今年以來外資累計買超達 2065 億元，不但突破 2000 億元大關，也創 3 年來最高紀錄；在台指期部分，外資持續減期貨多單 1168 口，台指期淨多單剩下 4.4 萬口，今天為台指期結算、選擇權月結算，目前多方仍略勝一籌。
48,外資今天買超 108.01 億元，投信買超 2.4 億元，自營商買超 24.76 億元，三大法人合計買超 135.18 億元。值得注意的是，在期貨方面，外資雖然今天還是留倉 4.5 萬口台指期淨多單，但減碼 4619 口，顯示外資在點火台積電、拉高指數過程中，陸續賣出期貨多單，須提防外資趁明天結算日，高檔獲利了結。外資今天買超 108.01 億元，投信買超 2.4 億元，自營商買超 24.76 億元，三大法人合計買超 135.18 億元。值得注意的是，在期貨方面，外資雖然今天還是留倉 4.5 萬口台指期淨多單，但減碼 4619 口，顯示外資在點火台積電、拉高指數過程中，陸續賣出期貨多單，須提防外資趁明天結算日，高檔獲利了結。
49,"期貨市場:台指期下跌 190 點或 1.81%，收在 10307 點。電子期下跌 10.3 點或 2.36%。金融期下跌 11.4 點或 0.91%。非金電期下跌 151 點或 1.27%。台指期未平倉餘額，自營商偏空調整 1,812 口，累計為淨空單 6,282 口；投信偏空調整 24 口，累計為淨空單 21,419 口；外資偏空調整 2,530 口，累計為淨多單 37,624 口。台指期逆價差 47.57 點，價差擴大；電子期逆價差 2.97 點，價差擴大；金融期逆價差 1.96 點，價差縮小；非金電期逆價差 31.95 點，價差縮小。週一台指期開低走低，多方盤中雖有短暫抵抗，但終場仍以大跌 190 點作收。由日Ｋ線觀察，週一台指期直接向下跳空，並跌破多條短中期均線，撐壓互換下，指數上檔壓力將更加沉重，在加上盤勢主控權重新由空方奪回且量增的情況下，建議投資人保守看待行情。◆期貨日線◇本報告純屬研究性質，僅供國票金控集團內部同仁及特定客戶參考，不保證其完整性及精確性，且不提供或嘗試遊說客戶作為期貨與選擇權買賣之投資依據，報告中所有的意見與預估，係取自本公司相信為可靠之資料來源，且為特定日期所為之判斷，有其時效性，爾後若有變更，本公司將不做預告或主動更新，投資人於決策時應審慎衡量本身風險，並就投資結果自行負責。以上報告內容之著作權屬國票期貨所有，非經本公司同意，禁止任何形式之抄襲、引用或轉載。◇本報告純屬研究性質，僅供國票金控集團內部同仁及特定客戶參考，不保證其完整性及精確性，且不提供或嘗試遊說客戶作為期貨與選擇權買賣之投資依據，報告中所有的意見與預估，係取自本公司相信為可靠之資料來源，且為特定日期所為之判斷，有其時效性，爾後若有變更，本公司將不做預告或主動更新，投資人於決策時應審慎衡量本身風險，並就投資結果自行負責。以上報告內容之著作權屬國票期貨所有，非經本公司同意，禁止任何形式之抄襲、引用或轉載。"
50,台指期淨部位方面，三大法人淨多單增加 171 口至 27053 口，其中，外資空單加碼超過多單加碼，淨多單減少 444 口至 57537 口；十大交易人中的特定法人全月份台指期淨多單減少 2160 口至 20209 口。整體來說，今天外資持續買超 51 億元，不過在台指期結算前夕，外資淨多單微幅減少，但因仍有高達 5.7 萬口多單水位，只要國際股市不亂流，外資明天仍有機會拉高結算，大盤可望持續向上；從技術面來看，今天盤中指數最高來到 11126 點，距離 2018 年 1 月 23 日的高點 11270.18 點，僅不到 150 點，將是上檔壓力所在。
51,"◇期貨市場:台指期下跌 96 點或 0.92%，收在 10360 點。電子期下跌 6.35 點或 1.55%。金融期上漲 4 點或 0.31%。非金電期下跌 39 點或 0.31%。台指期未平倉餘額，自營商偏多調整 1,192 口，累計為淨空單 1,645 口；投信偏空調整 1,173 口，累計為淨空單 33,226 口；外資偏空調整 1,572 口，累計為淨多單 40,187 口。台指期逆價差 49.20 點，價差擴大；電子期逆價差 2.22 點，價差由正轉負；金融期逆價差 0.96 點，價差由正轉負；非金電期逆價差 51.74 點，價差擴大。週四台指期開低走低，直到 5/21 低點附近才止穩，終場以當日相對低點作收。由Ｋ線觀察，台指期於 6/6 收破 5 日均線，宣告自 5/30 以來的反彈行情正式終結，加上目前收盤位置在所有短中期均線之下，在撐壓互換之下，將加大指數上方壓力，故建議投資人保守看待行情。"
52,但法人提醒，明天台指期結算，由於多單仍集中在 10 月合約，預期明天結算「多頭不會拿石頭砸自己的腳」，穩步拉高結算機率仍相對高，不過，台積電位階偏高，加上盤中遠月合約這兩天漲點都落後於 10 月合約，要留意部分空單開始轉向遠月避險，如果台積電法說會行情不如預期，加權指數不排除回測「萬一」大關。
53,美股昨日漲多回跌收黑，台股今日台指期結算，權值股熄火，指數整場非常狹幅震盪，10526 點開出，最高 10545 點，最低 10504 點，最後收盤小漲 3 點，10525 點作收，成交量 1088 億元，價平量縮格局。台股今日 8 月台指期與選擇權結算，指數沒多大變化，重量級權值股表現平平，台積電收平盤 254.5 元，大立光 (3008) 漲 30 點，收 3830 元。結構方面: 電子股漲 0.23%，金融股跌 0.64%，傳產股平盤，OTC 漲 0.51%。台股今日 8 月台指期與選擇權結算，指數沒多大變化，重量級權值股表現平平，台積電收平盤 254.5 元，大立光 (3008) 漲 30 點，收 3830 元。結構方面: 電子股漲 0.23%，金融股跌 0.64%，傳產股平盤，OTC 漲 0.51%。
54,為強化期貨市場價格穩定性，降低盤中委託簿流動性瞬間失衡所導致的價格異常波動幅度，期交所以階段性方式規劃建置期貨市場價格穩定措施，現行期交所所有國內指數類期貨各到期契約及跨月價差皆已適用動態價格穩定措施，期交所今 (19) 日宣布，5 月 27 日起將擴大適用至臺指選擇權各到期契約。為強化期貨市場價格穩定性，降低盤中委託簿流動性瞬間失衡所導致的價格異常波動幅度，期交所以階段性方式規劃建置期貨市場價格穩定措施，現行期交所所有國內指數類期貨各到期契約及跨月價差皆已適用動態價格穩定措施，期交所今 (19) 日宣布，5 月 27 日起將擴大適用至臺指選擇權各到期契約。此外，期交所特別提醒交易人，動態價格穩定措施主要是降低盤中委託簿流動性瞬間失衡所導致的價格異常波動幅度，僅能提供一定範圍的價格穩定，且可能因市況放寬退單點數，或因資訊異常暫停退單，交易人從事期貨交易時應留意市場流動性及自身委託價格，不宜完全依賴動態價格穩定措施。期交所表示，為使期貨業從業人員及交易人了解相關內容，期交所網站 (www.taifex.com.tw) 首頁已設置「臺指選擇權動態價格穩定措施宣導專區」，內容涵蓋新制介紹、宣導資料及宣導說明會資訊等，以方便期貨業從業人員及交易人上網查詢。期交所表示，為使期貨業從業人員及交易人了解相關內容，期交所網站 (www.taifex.com.tw) 首頁已設置「臺指選擇權動態價格穩定措施宣導專區」，內容涵蓋新制介紹、宣導資料及宣導說明會資訊等，以方便期貨業從業人員及交易人上網查詢。
55,期貨走勢台指期週二上漲 5 點至 10143 點。價差方面，台指期逆價差擴至 - 9.26 點，電子期轉為逆價差 - 0.52 點，金融期轉為正價差 0.13 點。現貨部分，三大法人買超 37.91 億元；而在台指期淨部位方面，三大法人淨多單增加 1763 口至 35962 口，其中外資多單加碼超過空單加碼，淨多單增加 1033 口至 59821 口；十大交易人中的特定法人全月份台指期淨多單增加 1551 口至 32845 口。選擇權分析選擇權未平倉量部分，OI 最大量支撐壓力區由 10000~10200 點縮至 10100~10200 點，下檔支撐連兩日上移。全月份未平倉量 put/call ratio 值由 1.45 升至 1.48，連三日提升。整體選擇權部位顯示市場為中性偏多架構。   (永豐期貨研調)選擇權未平倉量部分，OI 最大量支撐壓力區由 10000~10200 點縮至 10100~10200 點，下檔支撐連兩日上移。全月份未平倉量 put/call ratio 值由 1.45 升至 1.48，連三日提升。整體選擇權部位顯示市場為中性偏多架構。   (永豐期貨研調)本投資研究報告由永豐期貨股份有限公司版權所有，未經授權，禁止轉載節錄。本資料內容僅供參考，客戶應審慎考量本身之需求與投資風險，本公司恕不負任何法律責任，亦不作任何保證。
56,期貨走勢三月份台指期週三上漲 102 點至 10247 點。價差方面，台指期為逆價差 - 25.46 點，電子期逆價差 - 0.39 點，金融期為逆價差 - 2.69 點。現貨部分，三大法人買超 115.27 億元；而在台指期淨部位方面，三大法人淨多單減少 1414 口至 34548 口，其中外資空單減碼超過多單減碼，淨多單增加 5526 口至 65347 口，創 2017 年 9 月 18 日以來新高；十大交易人中的特定法人全月份台指期淨多單增加 2498 口至 35343 口。選擇權分析二月份選擇權結算後，全月份未平倉量 put/call ratio 值仍維持 1.48 的高位，三月份選擇權未平倉量部分，OI 最大量支撐壓力區為 10000~10400 點。VIX 指數下降 0.88 至 13.96。而選擇權結算後，外資目前選擇權淨部位呈現買 Call 賣 Put，整體而言，選擇權籌碼面顯示中性偏多架構。   (永豐期貨研調)二月份選擇權結算後，全月份未平倉量 put/call ratio 值仍維持 1.48 的高位，三月份選擇權未平倉量部分，OI 最大量支撐壓力區為 10000~10400 點。VIX 指數下降 0.88 至 13.96。而選擇權結算後，外資目前選擇權淨部位呈現買 Call 賣 Put，整體而言，選擇權籌碼面顯示中性偏多架構。   (永豐期貨研調)本投資研究報告由永豐期貨股份有限公司版權所有，未經授權，禁止轉載節錄。本資料內容僅供參考，客戶應審慎考量本身之需求與投資風險，本公司恕不負任何法律責任，亦不作任何保證。
57,1. 台股週二盤中雖曾因波段漲多一度拉回整理，但在摩台指期貨拉高結算下，加上受限於年線 10481 附近壓力，終場指數上漲 0.62 點，漲幅 0.01%，收在 10391.55 點，成交金額為 1395.98 億元。1. 台股週二盤中雖曾因波段漲多一度拉回整理，但在摩台指期貨拉高結算下，加上受限於年線 10481 附近壓力，終場指數上漲 0.62 點，漲幅 0.01%，收在 10391.55 點，成交金額為 1395.98 億元。
58,投資人靜候美國聯準會 (Fed) 為期兩天的決策會議，加上台指期今 (20) 日即將結算，台股出現觀望，盤面上焦點落在股王大立光領軍光學股發光，不過追價氣氛保守，讓加權指數力撐平盤之上狹幅震盪，高低價差不到 40 點。整體來說，台股今天雖然追價意願不高，但是也惜售，多方表現相對積極，指數已連續 2 日站上年線，下方短期均線 5 日、10 日、月線持續墊高，今天台指期結算在即，外資可說是大獲全勝，預期在高檔結算可期。不過，要留意的是，技術指標 6 日 RSI、12 日 RSI 走軟下彎，高檔壓力區累積近一年的套牢賣壓，短線震盪難免，仍需時間與攻擊量擴增來化解。
59,"期貨市場:台指期下跌 108 點或 1.00%，收在 10641 點。電子期下跌 7.15 點或 1.65%。金融期上漲 1.6 點或 0.12%。非金電期下跌 45 點或 0.35%。台指期未平倉餘額，自營商偏空調整 519 口，累計為淨空單 5,175 口；投信偏多調整 3,192 口，累計為淨空單 24,067 口；外資偏空調整 2,221 口，累計為淨多單 42,442 口。台指期逆價差 102.77 點，價差縮小；電子期逆價差 4.52 點，價差縮小；金融期逆價差 17.33 點，價差縮小；非金電期逆價差 79.61 點，價差縮小。週三台指期開低走低，盤中下跌點數一度來到 547 點，終場則以下跌 108 點作收。由日Ｋ線觀察，週三台指期收盤直接將 7/1 所形成的多方缺口完全回補，並在盤中跌破近一個月以來所有低點，因此在空方掌握盤勢主控權的情況下，建議投資人保守看待盤勢。◆期貨日線本報告純屬研究性質，僅供國票金控集團內部同仁及特定客戶參考，不保證其完整性及精確性，且不提供或嘗試遊說客戶作為期貨與選擇權買賣之投資依據，報告中所有的意見與預估，係取自本公司相信為可靠之資料來源，且為特定日期所為之判斷，有其時效性，爾後若有變更，本公司將不做預告或主動更新，投資人於決策時應審慎衡量本身風險，並就投資結果自行負責。以上報告內容之著作權屬國票期貨所有，非經本公司同意，禁止任何形式之抄襲、引用或轉載。本報告純屬研究性質，僅供國票金控集團內部同仁及特定客戶參考，不保證其完整性及精確性，且不提供或嘗試遊說客戶作為期貨與選擇權買賣之投資依據，報告中所有的意見與預估，係取自本公司相信為可靠之資料來源，且為特定日期所為之判斷，有其時效性，爾後若有變更，本公司將不做預告或主動更新，投資人於決策時應審慎衡量本身風險，並就投資結果自行負責。以上報告內容之著作權屬國票期貨所有，非經本公司同意，禁止任何形式之抄襲、引用或轉載。"
60,在台指期淨部位方面，三大法人淨多單增加 5372 口至 26614 口，其中，外資多單加碼且空單減碼，淨多單增加 6941 口至 56949 口。
61,三大法人昨日合計在集中市場買超 47.7 億元，其中，外資買超 21 億元，投信買超 1.05 億元，而自營商大買多達 25.6 億元；在此同時，外資期貨淨多單小幅加碼 765 口至 49668 口，偏多態度不變。不過，元大投顧指出，貿易戰暫時緩和，不過美國對關稅的削減幅度不如預期，後續協商可能依然漫長，加上台指期乖離偏高，做好避險準備。
62,美國、伊朗情勢緊繃拖累台股，三大法人今 (6) 日同步賣超台股，合計賣超 118.14 億元，台指期淨部位三大法人淨多單減少 4954 口至 9676 口，其中外資淨多單更減碼 2447 口，未平倉降至 32176 口。
63,台股上周五來到今年高點，量能也回溫，本周來看，週三台指期結算，外資期現貨呈現偏多格局，加上企業陸續公布財報以及股利政策，配合季底作帳行情，法人看好短期可望維持多頭格局，向上挑戰年線以及 10500 點關卡。法人指出，周三台指期結算，外資上周五淨多單來到 5.58 萬餘口呈現相對高點，而美股、亞股近期連動性雖然降低，但普遍呈現多頭走勢，加上 3 月底前企業公布財報以及股利政策，季底作帳行情同步起跑，可望維持台股短期維持多頭走勢，向上挑戰年線以及 10500 點。
64,而在台指期淨部位方面，三大法人淨多單減少 323 口至 29860 口，其中外資多單加碼超過空單加碼，淨多單增加 264 口至 63011 口，外資持續期現貨雙雙作多。
65,台股加權指數昨 (19) 日再度站上 11600 點關卡後，今 (20) 日逢台指期結算反而相對弱勢，主要是反應美國總統川普再度對貿易協商強硬放話，亞股普遍壓回走軟。加權指數開平低盤後，早盤跌點一度超過 60 點，所幸 5 日線有撐，盤中收復 11600 點關卡後緩步收斂跌勢，惟預估成交值較昨日縮小至不到 1200 億元水準。
66,"◇期貨市場:台指期上漲 16 點或 0.15%，收在 10471 點。電子期上漲 1.2 點或 0.29%。金融期上漲 3.2 點或 0.25%。非金電期下跌 14 點或 0.11%。台指期未平倉餘額，自營商偏空調整 67 口，累計為淨空單 3,592 口；投信偏空調整 1,974 口，累計為淨空單 28,647 口； 外資偏多調整 239 口，累計為淨多單 44,409 口。台指期逆價差 29.07 點，價差縮小；電子期逆價差 1.19 點，價差縮小；金融期逆價差 2.61 點，價差縮小；非金電期逆價差 50.02 點，價差縮小。週一台指期早盤雖一度走低，但於 5 日線附近遇撐反彈，終場以小漲作收。由Ｋ線觀察，台指期自從 5/29 破底反彈以來，截至 6/3，已上漲逾 2.5%，短線盤勢主控權雖由多方掌控，然而，週一量能卻呈現萎縮，顯示買盤出現鬆動，故宜先以低檔震盪的角度來看待行情。"
67,台股經過 2 日量縮震盪整理，今日台指期結算日，在台積電 (2330)，大立光(3008)，鴻海(2317)，聯發科(2454)，可成(2474) 等電子權值股點火發動下，開高震盪走高收最高，加權指數再創今年以來新高，台指期拉高結算。外資買超 108 億元，期貨市場續增 6259 口多單，來到 65347 口淨多單，投信賣 0.8 億元，自營買 8.1 億元。焦點股: 台積電昨日公布股利政策，今年擬配發 10 元股利，採逐季配息策略吸引買盤進駐，激勵股價收最高漲 5.5 元，收 234.5 元。強勢股方面: 明基材 (8215)偏光板供應吃緊，自結去年 EPS 1.02 元，1 月 EPS 0.06 元，股價漲停創高。聯亞 (3081) 擁 5G 及高股利雙題材發酵，突破盤整價量俱揚，一舉攻漲停板，突破 300 元及 4 個月高點。鎧勝 - KY (5264) 上月營收亮眼，且外資連 2 日敲進，股價續反彈，跳空高鎖 54.8 元漲停。創意 (3443)甩減碼評等，昨三大法人齊力轉買超，股價飆上漲停。其他包括合鑫 (3049)，友威科(3580)，聯鈞(3450)，華星光(4979)，鎧勝 KY(5264) 以及易華電 (6552) 等強勢攻漲停板台股經過 2 日量縮震盪整理，今日台指期結算日，在台積電 (2330)，大立光(3008)，鴻海(2317)，聯發科(2454)，可成(2474) 等電子權值股點火發動下，開高震盪走高收最高，加權指數再創今年以來新高，台指期拉高結算。外資買超 108 億元，期貨市場續增 6259 口多單，來到 65347 口淨多單，投信賣 0.8 億元，自營買 8.1 億元。焦點股: 台積電昨日公布股利政策，今年擬配發 10 元股利，採逐季配息策略吸引買盤進駐，激勵股價收最高漲 5.5 元，收 234.5 元。強勢股方面: 明基材 (8215)偏光板供應吃緊，自結去年 EPS 1.02 元，1 月 EPS 0.06 元，股價漲停創高。聯亞 (3081) 擁 5G 及高股利雙題材發酵，突破盤整價量俱揚，一舉攻漲停板，突破 300 元及 4 個月高點。鎧勝 - KY (5264) 上月營收亮眼，且外資連 2 日敲進，股價續反彈，跳空高鎖 54.8 元漲停。創意 (3443)甩減碼評等，昨三大法人齊力轉買超，股價飆上漲停。其他包括合鑫 (3049)，友威科(3580)，聯鈞(3450)，華星光(4979)，鎧勝 KY(5264) 以及易華電 (6552) 等強勢攻漲停板台股今日台指期結算，在權值股拉抬下，拉高結算。整體而言，在籌碼面有利多方下，台股驚驚漲向上格局，不過短線須留意高檔個股賣壓出籠，資金可轉進基本面佳、股價偏低的個股。
68,"◇期貨市場:台指期上漲 10 點或 0.09%，收在 10591 點。電子期上漲 1.5 點或 0.36%。金融期上漲 0.4 點或 0.03%。非金電期下跌 29 點或 0.23%。今日外資現貨買超 71.8 億元。在期貨方面，外資偏多調整 2,483 口，累計為淨多單 53,598 口。期貨約當台幣金額，買超 52.59 億元。台指期逆價差 194.01 點，價差擴大；電子期逆價差 8.72 點，價差擴大；金融期逆價差 24.22 點，價差擴大；非金電期逆價差 168.28 點，價差擴大。週四台指期開平走平， 小漲 10 點或 0.09%，收 10591。市場上因美國聯準會表示不降息使得整體充斥樂觀氣氛。目前價位處於所有短期均線及季線及長期水平趨勢線之上，建議投資人短期以震盪偏多觀之。"
69,美股周二財報亮眼，四大指數同步收高，台股今 (16) 日適逢台指期結算，由於外資仍持有多單未平倉，指數拉高結算機率大，可望持續挑戰前波高點 11270 點。三大法人昨日合計買超 43.16 億元，外資再加碼近 52 億元，投信買超 3.49 億元，自營商則由買轉賣，賣超 11.85 億元，而外資期貨淨多單微幅減少 444 口至 57537 口。
70,"期貨市場:台指期下跌 30 點或 0.28%，收在 10752 點。電子期下跌 1.85 點或 0.42%。金融期上漲 3.6 點或 0.28%。非金電期下跌 17 點或 0.14%。台指期未平倉餘額，自營商偏空調整 1,822 口，累計為淨空單 4,953 口；投信偏多調整 1 口，累計為淨空單 23,716 口；外資偏空調整 4,032 口，累計為淨多單 36,479 口。台指期逆價差 78.90 點，價差縮小；電子期逆價差 2.39 點，價差縮小；金融期逆價差 16.66 點，價差縮小；非金電期逆價差 90.19 點，價差縮小。台股今日獨弱於亞股，早盤開高後即浮現獲利了結賣壓，在權值股三王領跌之下，台股收黑並跌破月線，成交量增加；期貨方面收長黑 K，價差收斂。以日線觀察，周二台指期由空方掌控盤勢，K 線吞噬了前日收盤的十字星線，同時跌破了 10 日均線，技術面不利行情，故建議投資人以震盪偏空來看待盤勢。台股今日獨弱於亞股，早盤開高後即浮現獲利了結賣壓，在權值股三王領跌之下，台股收黑並跌破月線，成交量增加；期貨方面收長黑 K，價差收斂。以日線觀察，周二台指期由空方掌控盤勢，K 線吞噬了前日收盤的十字星線，同時跌破了 10 日均線，技術面不利行情，故建議投資人以震盪偏空來看待盤勢。◆期貨日線◆本報告純屬研究性質，僅供國票金控集團內部同仁及特定客戶參考，不保證其完整性及精確性，且不提供或嘗試遊說客戶作為期貨與選擇權買賣之投資依據，報告中所有的意見與預估，係取自本公司相信為可靠之資料來源，且為特定日期所為之判斷，有其時效性，爾後若有變更，本公司將不做預告或主動更新，投資人於決策時應審慎衡量本身風險，並就投資結果自行負責。以上報告內容之著作權屬國票期貨所有，非經本公司同意，禁止任何形式之抄襲、引用或轉載。◆本報告純屬研究性質，僅供國票金控集團內部同仁及特定客戶參考，不保證其完整性及精確性，且不提供或嘗試遊說客戶作為期貨與選擇權買賣之投資依據，報告中所有的意見與預估，係取自本公司相信為可靠之資料來源，且為特定日期所為之判斷，有其時效性，爾後若有變更，本公司將不做預告或主動更新，投資人於決策時應審慎衡量本身風險，並就投資結果自行負責。以上報告內容之著作權屬國票期貨所有，非經本公司同意，禁止任何形式之抄襲、引用或轉載。"
71,為強化期貨市場指標期貨商品價格穩定性，期交所將調整臺股期貨、小型臺指期貨最近、次近月契約退單百分比為 1%，本調整將自今 (2019) 年 9 月 30 日起實施。期交所表示，動態價格穩定措施運作時，即時價格區間上、下限的寬窄由退單點數決定，而退單點數計算關鍵在於退單百分比，現行臺股期貨、小型臺指期貨最近、次近月契約退單百分比為 2%，未來調降為 1% 後，這些期貨契約的退單點數計算方式改為「最近加權指數收盤價 ×1%」，退單點數為現行計算方式的一半，可望強化臺股期貨、小型臺指期貨最近、次近月契約價格穩定功能。另外，臺股期貨、小型臺指期貨其他月份 (包含第 3 近月及季月) 契約、其他國內股價指數期貨單式月份及臺指選擇權退單百分比，均維持現行 2% 標準，國內股價指數期貨跨月價差退單百分比維持現行 1% 標準。另外，臺股期貨、小型臺指期貨其他月份 (包含第 3 近月及季月) 契約、其他國內股價指數期貨單式月份及臺指選擇權退單百分比，均維持現行 2% 標準，國內股價指數期貨跨月價差退單百分比維持現行 1% 標準。
72,而在台指期淨部位方面，三大法人淨多單減少 1553 口至 5316 口，其中外資多單減碼且空單加碼，淨多單減少 1572 口至 40187 口。
73,台股上周周線終結連 2 黑，周漲 38.62 點，主因聯準會主席鮑爾暗示降息，有利資金行情續航，要留意的是，本周三有台指期結算、周四台積電法說，及美國財報周登場，不確定因素多，台股交易員認為，本周將繼續見到多方打游擊戰，交投可望維持一定熱度，但小心打帶跑沒有主流股。外資上周五期貨淨多單減碼 1834 口至 42407 口，合計一周來外資在集中市場賣超近 48 億元，籌碼面偏中性，台股交易員提醒，美國降息期待已反映在股市中，除非後續降息幅度高於一般預期，否則接下來就是消息面主導市場。
74,"期貨市場:台指期上漲 23 點或 0.22%，收在 10499 點。電子期下跌 0.25 點或 0.06%。金融期上漲 7.6 點或 0.61%。非金電期上漲 50 點或 0.42%。台指期未平倉餘額，自營商偏空調整 163 口，累計為淨空單 4,470 口；投信偏多調整 118 口，累計為淨空單 21,395 口；外資偏多調整 2,221 口，累計為淨多單 40,154 口。台指期逆價差 39.11 點，價差縮小；電子期逆價差 2.22 點，價差縮小；金融期逆價差 2.75 點，價差縮小；非金電期逆價差 43.28 點，價差縮小。週五台指期早盤雖一度下殺，但回測昨日低點附近時遇撐反彈，終場以上漲 23 點作收。由日Ｋ線觀察，週五台指期盤勢主控權雖由多方奪回，但指數於盤中一度下殺，並終結至 8/16 以來，低點不斷墊高的多方慣性，因此建議投資人先以震盪偏空來看待行情。◆期貨日線◇本報告純屬研究性質，僅供國票金控集團內部同仁及特定客戶參考，不保證其完整性及精確性，且不提供或嘗試遊說客戶作為期貨與選擇權買賣之投資依據，報告中所有的意見與預估，係取自本公司相信為可靠之資料來源，且為特定日期所為之判斷，有其時效性，爾後若有變更，本公司將不做預告或主動更新，投資人於決策時應審慎衡量本身風險，並就投資結果自行負責。以上報告內容之著作權屬國票期貨所有，非經本公司同意，禁止任何形式之抄襲、引用或轉載。◇本報告純屬研究性質，僅供國票金控集團內部同仁及特定客戶參考，不保證其完整性及精確性，且不提供或嘗試遊說客戶作為期貨與選擇權買賣之投資依據，報告中所有的意見與預估，係取自本公司相信為可靠之資料來源，且為特定日期所為之判斷，有其時效性，爾後若有變更，本公司將不做預告或主動更新，投資人於決策時應審慎衡量本身風險，並就投資結果自行負責。以上報告內容之著作權屬國票期貨所有，非經本公司同意，禁止任何形式之抄襲、引用或轉載。"
75,台股衝破萬二關卡後，今 (18) 日一度震盪走弱下跌逾 30 點，但仍穩在 12000 點之上，隨著台指期結算多方穩握主導權，午盤過後指數再度轉強，終場收 12122.45 點，上漲 25.44 點，成交值縮至 1474.96 億元，法人指出，近來資金面和技術面均強勢，但短線漲多正乖離偏高，仍有年底前的獲利賣壓伺機而出，驚驚漲震盪墊高格局仍不變。
76,台股能否關關難過關關過? 多空角力的重頭戲在下半周! 今日則是台指期結算與周選擇權結算先打頭陣! 隨美國總統川普又釋出美中貿易戰和緩的訊息，美股小漲，靜待聯準會是否降息，台股能否衝關 10900 點成功再登高，外資態度是指標，需留意新台幣匯率動向。關鍵點位仍為 10877、10906 與 10927 點。台股能否關關難過關關過? 多空角力的重頭戲在下半周! 今日則是台指期結算與周選擇權結算先打頭陣! 隨美國總統川普又釋出美中貿易戰和緩的訊息，美股小漲，靜待聯準會是否降息，台股能否衝關 10900 點成功再登高，外資態度是指標，需留意新台幣匯率動向。關鍵點位仍為 10877、10906 與 10927 點。台股今日台指期結算後，明日有台積電除息，同時聯準會是否如市場預期降息 1 碼，也可望「開牌」，周五則是美股「四巫日」，道瓊期貨等商品結算，均須提防盤勢震盪幅度擴大!台股今日台指期結算後，明日有台積電除息，同時聯準會是否如市場預期降息 1 碼，也可望「開牌」，周五則是美股「四巫日」，道瓊期貨等商品結算，均須提防盤勢震盪幅度擴大!台股部分，昨日未能衝關成功的主要原因之一，為權值股軟腳，除觀察包括鴻家軍，以及塑化等集團股，今日能否回穩，而更關鍵的主角則是明日除息的台積電，如參與除息的買盤踴躍，台股攻堅登高有望。不過今日為台指期與周選擇權結算，控盤權仍在莊家手上，莊家再次大玩「雙巴」的機率仍高，投資人仍需當心! (訊息僅供參考，請勿作為買賣股票之依據)台股部分，昨日未能衝關成功的主要原因之一，為權值股軟腳，除觀察包括鴻家軍，以及塑化等集團股，今日能否回穩，而更關鍵的主角則是明日除息的台積電，如參與除息的買盤踴躍，台股攻堅登高有望。不過今日為台指期與周選擇權結算，控盤權仍在莊家手上，莊家再次大玩「雙巴」的機率仍高，投資人仍需當心! (訊息僅供參考，請勿作為買賣股票之依據)
77,"◇期貨市場:台指期下跌 82 點或 0.77%，收在 10540 點。電子期下跌 4 點或 0.95%。金融期下跌 1.8 點或 0.14%。非金電期下跌 105 點或 0.81%。今日外資現貨賣超 19.96 億元。在期貨方面，外資偏空調整 3 口，累計為淨多單 49,383 口。期貨約當台幣金額，賣超 0.06 億元。台指期逆價差 166.72 點，價差擴大；電子期逆價差 5.95 點，價差縮小；金融期逆價差 24.63 點，價差擴大；非金電期逆價差 223.14 點，價差擴大。週二台指期以平盤開出，早盤隨即遇壓拉回，整場盤勢明顯由空方掌控，終場以長黑 K 作收。以日 K 線來觀察，週二台指期跌破五日均線，顯示自 6/18 以來的多方漲勢宣告終結，加上空方掌握盤勢主控權，且量能增加的情況下，故建議建議投資人以保守觀之。"
78,台股今 (21) 日終場下跌 72.93 點、收在 11558.27 點，留長下影線，且 10 日線、11500 點、月線等三大關卡都失而復得。外資終結連 5 買，今日轉大賣 98.16 億元，自營商也賣超 16.11 億元，只有投信買超 4.99 億元，三大法人合計賣超 109.28 億元；不過，外資於台指期轉為加碼淨多單，淨多單水位又回升至 4.2 萬口。在台指期淨部位方面，三大法人淨多單增加 634 口至 23533 口，其中，外資在連續 2 天減碼淨多單後，今天反手加碼，淨多單增加 1793 口，回升至 42761 口。整體來說，貿易協商仍存變數，美股高檔壓回，對台股影響偏負面，尤其今天外資賣超力道不小，儘管在台指期偏多，但仍要留意短線壓力，由於台股 11600 點之上久盤不過高，因此出現回檔修正，投資人若要短打，要聚焦具盤面輪動主流相關具業績題材、法人籌碼優勢股，接下來權值股要回穩，弱勢股要止跌，才可以維繫人氣。
79,整體來說，外資現貨買超 68 億，在期貨淨多單也續增至 39362 口，外資期現貨持續同步作多，搭配技術面重新站回所有短期均線，目前因為選前觀望呈現量能壓縮的整理格局，只要選後量能明顯放大，將有助多頭走出明顯波段趨勢。
80,台股昨 (18) 日量縮整理，加權指數終場上漲 36.2 點、收在 10566.74 點，成交值萎縮至 803 億元，創下 5 個月來新低，而台指期今日將結算，不過美國總統川普昨貼文表示，已與中國國家主席習近平通過電話，證實川習會將在下週日本 G20 峰會期間再次舉行，推升美股四大指數全面走揚。法人表示，今日台指期將作月結算，外資近期減碼期貨多單，導致期現貨呈現逆價差，而雖然川普釋出川習會消息，但美中貿易戰後續發展仍不明朗、市場觀望今晚聯準會會議利率決議結果，短期台股恐將持續呈現量縮震盪格局，提醒投資人留意市場消息，謹慎投資。法人表示，今日台指期將作月結算，外資近期減碼期貨多單，導致期現貨呈現逆價差，而雖然川普釋出川習會消息，但美中貿易戰後續發展仍不明朗、市場觀望今晚聯準會會議利率決議結果，短期台股恐將持續呈現量縮震盪格局，提醒投資人留意市場消息，謹慎投資。
81,台指期今 (3) 日開盤一度觸及 10202 點，秒跌超過 500 點，市場研判，可能是程式單執行失誤遭獵殺所致，才讓指數瞬間跌 500 點，期交所則表示，已有啟動動態穩定機制，詳細情況仍在了解中。台指期今天 8 點 45 分開盤以 10735 點開出，但在 8 點 46 分瞬間暴跌到出現 10202 點，營業員指出，應該是出現芭樂單，才讓指數瞬間跌 500 點，且只有外資才有那麼大的集中單量，市場研判是程式單執行失誤遭獵殺所致。
82,美股上漲，台指期今天結算，在台積電 (2330) 等權值股尾盤遭賣壓摜壓，加權指數終場下跌 42 點，9763 作收，失守 9800 點關卡，成交量 949 億元，價跌量縮。今日台指期與選擇權結算，選擇權最大未平倉量再 9800 點，大盤指數最後收在 9800 點以下，並不意外，莊家兩邊通吃! 盤面部分: 權值股表現相對疲軟，台積電 (2330)，股王大立光 (3008) 與鴻海 (2317) 尾盤受到賣壓摜壓，股價同步收黑，電子股下跌 0.33%。金融股跌 0.7%，傳產股跌 0.46%，OTC 逆勢收漲 0.27%! 強勢族群: 太陽能電池報價走揚，營運轉機題材發酵，股價紛紛走高，茂迪 (6244)，太極 (4934) 與綠能 (3519) 等股價登漲停，聯合再生 (3576)，國碩 (2406)，碩禾 (3691) 股價也都大漲逾 6%，為盤面表現最搶眼的族群。5G 商機夯，智易(3596)，台光電(2383) 奔漲停板，波若威 (3163)，光環(3234) 股價收漲。強勢個股: 自行車變速器廠日馳(1526) 近年公司搶搭電動自行車風潮，積極投入電動車傳動器研發，產品線更趨完整，今日股價強攻漲停 34.7 元作收，創今年新高。今日台指期與選擇權結算，選擇權最大未平倉量再 9800 點，大盤指數最後收在 9800 點以下，並不意外，莊家兩邊通吃! 盤面部分: 權值股表現相對疲軟，台積電 (2330)，股王大立光 (3008) 與鴻海 (2317) 尾盤受到賣壓摜壓，股價同步收黑，電子股下跌 0.33%。金融股跌 0.7%，傳產股跌 0.46%，OTC 逆勢收漲 0.27%! 強勢族群: 太陽能電池報價走揚，營運轉機題材發酵，股價紛紛走高，茂迪 (6244)，太極 (4934) 與綠能 (3519) 等股價登漲停，聯合再生 (3576)，國碩 (2406)，碩禾 (3691) 股價也都大漲逾 6%，為盤面表現最搶眼的族群。5G 商機夯，智易(3596)，台光電(2383) 奔漲停板，波若威 (3163)，光環(3234) 股價收漲。強勢個股: 自行車變速器廠日馳(1526) 近年公司搶搭電動自行車風潮，積極投入電動車傳動器研發，產品線更趨完整，今日股價強攻漲停 34.7 元作收，創今年新高。台指期今日結算，重點在明後天走勢，而本波呈現大漲後休息再攻，洗一洗盤，再震盪往上創高格局，盤面中小型飆股不受指數影響，走自己的路，一檔檔噴出大漲! 建議持續鎖定中小股操作。
83,台股加權指數昨 (17) 日終場以 10530.54 點作收，上漲 5.87 點，成交量 877.97 億元，呈現量縮整理格局，而三大法人續賣超 28.89 億元，法人指出，台股昨開低走高，顯示台指期結算前，多頭企圖心不弱，目前處在偏多的整理格局，今日觀察重點先看台積電的賣壓是否緩和，同時，華為無預警下修財測，對電子股是否造成一波賣壓，密切注意。
84,台股今 (10) 日在賣壓湧現下量縮價跌，三大法人合計賣超 27.11 億元，其中外資賣超 27.32 億元，也同步減碼台指期多單，未平倉口數降低 8466 口，多單降到 4.33 萬口，而儘管賣壓出籠，但面板股友達持續獲三大法人青睞，合買 6.9 萬張、富邦 VIX 也因恐慌指數飆升，獲外資與自營商聯手買超 1.1 萬張。台股今日回檔，三大法人包括外資與投信同步站在賣方，外資賣超 27.32 億元、投信賣超 1.5 億元，僅自營商逆勢買超 1.71 億元。其中外資更減碼台指期多單，減碼 8466 口，未平倉口數降到 4.33 萬口。
85,美股全面收漲，恰逢台指期結算，法人分析，外資近期在現貨市場持續回補，期貨多單也維持高檔，台股估呈現高檔震盪走勢，不過，後續仍需關注以及關注 FED 是否宣布降息，以及 10 月的美中貿易協商進展。美股全面收漲，恰逢台指期結算，法人分析，外資近期在現貨市場持續回補，期貨多單也維持高檔，台股估呈現高檔震盪走勢，不過，後續仍需關注以及關注 FED 是否宣布降息，以及 10 月的美中貿易協商進展。法人認為，盤勢有機會維持高檔甚至持續走高，加上季底投信、 集團作帳行情可以期待，主導大盤反彈的外資近期在現貨市場持續回補，期貨多單則維持高檔，對台股正向看待。
86,在美股昨晚上漲下，台股開高震盪走高，最高 11016 點，4 月台指期順利拉高結算，指數終場上漲 69 點，10997 作收，成交量放大 1670 億元，價漲量增格局。台股昨日再創高，跟大家說: 一切攏是為了今日台指期結算! 今日看到. 控盤者用盡所有可以用的力氣，把握最後一天→繼續軋空單! 盤中一度驚見一萬一點，最高 11016 點，這是去年 10 月份跌破 1 萬 1 後第一次首見! 最後空單當然被軋到外太空了.. 全軍覆沒，慘敗收場! 外資買超 94.2 億元，投信賣超 0.0046 億元，自營商買超 17.5 億元。
87,在台積電改寫波段新高 233.5 元的帶動下，台指期也順勢拉高結算，加權指數盤中再創今年新高 10266 點，即將挑戰去年 10/11 也就是史上最大跌點 660 點當天的高點 10272。
88,"◇期貨市場:台指期下跌 55 點或 0.53%，收在 10416 點。電子期下跌 4.55 點或 1.10%。金融期上漲 5.8 點或 0.45%。非金電期下跌 7 點或 0.05%。台指期未平倉餘額，自營商偏多調整 469 口，累計為淨空單 3,123 口；投信偏空調整 1,535 口，累計為淨空單 30,182 口；外資偏空調整 2,589 口，累計為淨多單 41,820 口。台指期逆價差 13.12 點，價差縮小；電子期逆價差 0.82 點，價差縮小；金融期逆價差 1.85 點，價差縮小；非金電期逆價差 16.15 點，價差縮小。週二台指期小跌開出後，早盤遭遇賣壓向下修正，直到 5 日均線附近才止穩，終場則以當日相對低點作收。由Ｋ線觀察，台指期於 6/4 盤中挑戰月線失敗後，隨即遭遇賣壓而收黑，顯示月線為上方主要反壓，在加上盤勢主控權由空方奪回的情況下，建議投資人保守看待行情。"
89,台指期今 (16) 日拉高結算，在台積電尾盤拉抬下，指數收漲 51.03 點或 0.46%，來到 11162.83 點，成交金額 1461.04 億元，法人分析，台股目前來到歷史相對高檔，拉回修正壓力大，接下來能否創高，得關注台積電後續走勢。觀察今日蘋概三王表現，台指期拉高結算下，台積電尾盤回神，上漲 3 元或 1%，以 296 元做收，鴻海也收紅，不過大立光終場下跌 2.78%，表現相對弱勢。
